"ID","Name","RA","DEC","Obj. Type","Redshift","Host Name","Host Redshift","Reporting Group/s","Discovery Data Source/s","Classifying Group/s","Associated Group/s","Disc. Internal Name","Disc. Instrument/s","Class. Instrument/s","TNS AT","Public","End Prop. Period","Discovery Mag/Flux","Discovery Filter","Discovery Date (UT)","Sender","Remarks","Ext. catalog/s"
"78477","SN 2021esi","06:50:03.350","+27:29:09.95","SN IIb","0.03","","","ZTF, Pan-STARRS1","ZTF, Pan-STARRS1","None","Pan-STARRS1; ZTF","ZTF21aaoiaar","P48 - ZTF-Cam, PS1 - GPC1","NOT - ALFOSC","1","1","","18.63","r-ZTF","2021-03-07 03:36:00.000","ZTF_Bot1","",""
"76549","SN 2021bxu","02:09:16.455","-23:24:45.40","SN IIb","0.0178","","","ATLAS, Pan-STARRS1","ATLAS, Pan-STARRS1","POISE","ATLAS; Pan-STARRS1","ATLAS21dov","ATLAS1 - ACAM1, PS1 - GPC1","APO-3.5m - DIS","1","1","","17.23","cyan-ATLAS","2021-02-06 06:38:52.800","ATLAS_Bot1","",""
"74955","SN 2021rf","09:37:24.894","+42:58:28.27","SN IIb","0.027172","","","ZTF, Pan-STARRS1, ATLAS","ZTF, Pan-STARRS1, ATLAS","ZTF","ATLAS; Pan-STARRS1; ZTF","ZTF21aaabrpu","ATLAS1 - ACAM1, P48 - ZTF-Cam, PS1 - GPC1","Keck1 - LRIS","1","1","","18.826","g-ZTF","2021-01-01 10:10:28.416","ZTF_CLU_PUBLIC","",""
"74898","SN 2021pb","09:44:46.810","+51:41:14.52","SN IIb","0.03317803","","","ZTF, ATLAS, Pan-STARRS1","ZTF, ATLAS, Pan-STARRS1","ZTF","ATLAS; Pan-STARRS1; ZTF","ZTF21aabxjqr","ATLAS1 - ACAM1, P48 - ZTF-Cam, PS1 - GPC1","Keck1 - LRIS","1","1","","18.686","g-ZTF","2021-01-07 09:30:12.672","ZTF_CLU_PUBLIC","",""
"74424","SN 2021M","14:14:14.735","+35:25:23.16","SN IIb","0.010929","[EKL2017] ECO 4874","0.010929","ALeRCE, ATLAS","ZTF, ATLAS","ZTF","ATLAS; ZTF","ZTF21aaabwfu","ATLAS1 - ACAM1, P48 - ZTF-Cam","Keck1 - LRIS","1","1","","19.0476","g-ZTF","2021-01-01 12:17:02.000","ALeRCE","",""
"73044","SN 2020acsk","09:42:51.546","+28:59:57.03","SN IIb","0.029","","","ATLAS, Pan-STARRS1","ATLAS, Pan-STARRS1","ePESSTO+","ATLAS; Pan-STARRS1","ATLAS20bikf","ATLAS1 - ACAM1, PS1 - GPC1","ESO-NTT - EFOSC2-NTT","1","1","","19.018","cyan-ATLAS","2020-12-14 12:12:57.600","ATLAS_Bot1","",""
"72673","SN 2020aceh","07:35:43.815","+11:15:53.85","SN IIb","0.040788","WISEA J073543.65+111554.1","","ALeRCE, ZTF","ZTF","ZTF","ZTF","ZTF20acwnqcy","P48 - ZTF-Cam","Keck1 - LRIS","1","1","","20.2141","g-ZTF","2020-12-10 10:48:17.997","ALeRCE","",""
"72656","SN 2020acdq","01:22:43.032","+26:52:04.14","SN IIb","0.030251","MRK 0356","0.030251","ALeRCE, ZTF, ATLAS, Pan-STARRS1","ZTF, ATLAS, Pan-STARRS1","ZTF","ATLAS; Pan-STARRS1; ZTF","ZTF20acwhpmj","ATLAS1 - ACAM1, P48 - ZTF-Cam, PS1 - GPC1","P200 - DBSP","1","1","","19.2785","r-ZTF","2020-12-10 05:16:07.997","ALeRCE","",""
"72579","SN 2020acat","11:50:41.225","-10:13:38.92","SN IIb","0.0079","","","ATLAS, ZTF, Pan-STARRS1, MASTER","ATLAS, ZTF, Pan-STARRS1, MASTER","ePESSTO+","ATLAS; MASTER; Pan-STARRS1; ZTF","ATLAS20bhfe","ATLAS1 - ACAM1, Other - Other, P48 - ZTF-Cam, PS1 - GPC1","ESO-NTT - EFOSC2-NTT","1","1","","18.48","orange-ATLAS","2020-12-09 15:07:12.000","ATLAS_Bot1","",""
"72158","SN 2020abkp","12:05:06.457","+56:33:30.99","SN IIb","0.030884","WISEA J120506.37+563331.2","0.030884","ALeRCE, ZTF, ATLAS","ZTF, ATLAS","ZTF","ATLAS; ZTF","ZTF20acusecr","ATLAS1 - ACAM1, P48 - ZTF-Cam","P200 - DBSP","1","1","","19.6319","r-ZTF","2020-12-02 11:23:31.004","ALeRCE","",""
"71748","SN 2020aaxf","08:20:41.967","-01:24:52.37","SN IIb","0.031","UGC 04352 NED01","0.014813","ALeRCE, ATLAS, Pan-STARRS1, ZTF","ZTF, ATLAS, Pan-STARRS1","None","ATLAS; Pan-STARRS1; ZTF","ZTF20actqnhg","ATLAS1 - ACAM1, P48 - ZTF-Cam, PS1 - GPC1","Other - Other","1","1","","19.1136","g-ZTF","2020-11-25 11:34:22.002","ALeRCE","",""
"70305","SN 2020yvt","10:03:51.823","+59:26:10.29","SN IIb","0.009969","","","ZTF","ZTF","ZTF","ZTF","ZTF19aanbpus","P48 - ZTF-Cam","LT - SPRAT","1","1","","17.56","r-ZTF","2020-11-04 11:45:31.680","ZTF_AMPEL_COMPLETE","",""
"67443","SN 2020urc","02:18:11.079","+37:05:49.91","SN IIb","0.026728","UGC 01769","0.026728","ALeRCE, ZTF, Pan-STARRS1","ZTF, Pan-STARRS1","ZTF","Pan-STARRS1; ZTF","ZTF20acgiglu","P48 - ZTF-Cam, PS1 - GPC1","P60 - SEDM","1","1","","19.2442","r-ZTF","2020-10-02 06:56:01.997","ALeRCE","",""
"66573","SN 2020tkc","00:06:35.085","+28:18:33.83","SN IIb","0.036","","","SGLF, ATLAS, YSE, Pan-STARRS1","ZTF, ATLAS, Pan-STARRS1","UCSC","ATLAS; Pan-STARRS1; ZTF","ZTF20abyrmdl","ATLAS1 - ACAM1, P48 - ZTF-Cam, PS1 - GPC1","Keck1 - LRIS","1","1","","19.697","r-ZTF","2020-09-06 08:44:39.000","Perez-Fournon","",""
"66548","SN 2020tjd","05:46:04.980","-23:33:57.60","SN IIb","0.01","","","ATLAS, YSE, ZTF, Pan-STARRS1, GaiaAlerts","ATLAS, Pan-STARRS1, ZTF, GaiaAlerts","YSE, ZTF","ATLAS; GaiaAlerts; Pan-STARRS1; ZTF","ATLAS20bbff","ATLAS1 - ACAM1, Gaia - Gaia-photometric, P48 - ZTF-Cam, PS1 - GPC1","NOT - ALFOSC, P60 - SEDM","1","1","","17.734","orange-ATLAS","2020-09-15 14:34:04.800","ATLAS_Bot1","",""
"65669","SN 2020sbw","02:46:03.318","+03:19:47.66","SN IIb","0.023033","CGCG 389-007","0.023033","ALeRCE, ATLAS, ZTF, Pan-STARRS1","ZTF, ATLAS, Pan-STARRS1","ZTF","ATLAS; Pan-STARRS1; ZTF","ZTF20abwzqzo","ATLAS1 - ACAM1, P48 - ZTF-Cam, PS1 - GPC1","P200 - DBSP","1","1","","19.4498","r-ZTF","2020-08-26 10:43:58.996","ALeRCE","",""
"61719","SN 2020mob","20:26:52.295","-18:37:02.13","SN IIb","0.023","NGC 6912","0.023244","ALeRCE, Pan-STARRS1, ATLAS, ZTF","ZTF, Pan-STARRS1, ATLAS","DEHVILS","ATLAS; Pan-STARRS1; ZTF","ZTF20abfcrzj","ATLAS1 - ACAM1, P48 - ZTF-Cam, PS1 - GPC1","SALT - RSS","1","1","","18.5757","g-ZTF","2020-06-14 09:16:14.998","ALeRCE","",""
"59368","SN 2020jfv","23:06:35.750","+00:36:43.60","SN IIb","0.01709","","","ATLAS, GaiaAlerts, ZTF, Pan-STARRS1","ATLAS, GaiaAlerts, ZTF, Pan-STARRS1","ZTF","ATLAS; GaiaAlerts; Pan-STARRS1; ZTF","ATLAS20lsf","ATLAS1 - ACAM1, Gaia - Gaia-photometric, P48 - ZTF-Cam, PS1 - GPC1","P60 - SEDM","1","1","","17.768","orange-ATLAS","2020-05-05 14:22:33.600","ATLAS_Bot1","",""
"59089","SN 2020ivg","14:57:45.996","+41:14:17.99","SN IIb","0.053","","","YSE, Pan-STARRS1","Pan-STARRS1","YSE","Pan-STARRS1","PS20cfk","PS1 - GPC1","NOT - ALFOSC","1","1","","20.67","g-Sloan","2020-04-19 12:24:28.800","YSE_Bot1","",""
"58810","SN 2020ikq","13:36:05.016","+28:59:00.11","SN IIb","0.037","","","ATLAS, ZTF, YSE, Pan-STARRS1","ATLAS, ZTF, Pan-STARRS1","None","ATLAS; Pan-STARRS1; ZTF","ATLAS20lfu","ATLAS1 - ACAM1, P48 - ZTF-Cam, PS1 - GPC1","NOT - ALFOSC","1","1","","18.959","cyan-ATLAS","2020-04-28 09:47:31.200","ATLAS_Bot1","",""
"56875","SN 2020fqv","12:36:33.260","+11:13:53.87","SN IIb","0.007522","NGC 4568","0.007522","ALeRCE, ZTF, ATLAS, Pan-STARRS1, YSE, GaiaAlerts","ZTF, ATLAS, Pan-STARRS1, GaiaAlerts","None, Padova-Asiago, ZTF","ATLAS; GaiaAlerts; Pan-STARRS1; ZTF","ZTF20aatzhhl","ATLAS1 - ACAM1, Gaia - Gaia-photometric, Other - Other, P48 - ZTF-Cam, PS1 - GPC1","Lijiang-2.4m - YFOSC, P60 - SEDM","1","1","","19.0237","g-ZTF","2020-03-31 08:06:55.002","ALeRCE","",""
"53274","SN 2020bft","15:12:38.462","-32:12:35.19","SN IIb","0.03","","","ATLAS, GSNST","ATLAS, GSNST","ePESSTO+","ATLAS; GSNST","ATLAS20ehk","ATLAS1 - ACAM1, Other - Other","ESO-NTT - EFOSC2-NTT","1","1","","18.83","orange-ATLAS","2020-01-27 14:29:45.000","ATLAS_Bot1","",""
"52802","SN 2020aok","11:15:01.413","+52:30:19.97","SN IIb","0.04635","WISEA J111501.59+523019.9","0.04635","ALeRCE, ZTF, Pan-STARRS1","ZTF, Pan-STARRS1","ZTF","Pan-STARRS1; ZTF","ZTF20aahgejq","P48 - ZTF-Cam, PS1 - GPC1","P200 - DBSP","1","1","","20.0459","g-ZTF","2020-01-23 10:16:59.000","ALeRCE","",""
"49753","SN 2019xct","00:38:50.128","-08:19:04.46","SN IIb","0.03","SDSS J003849.83-081859.1","0.029","ALeRCE, ATLAS, ZTF, Pan-STARRS1","ZTF, ATLAS, Pan-STARRS1","SCAT","ATLAS; Pan-STARRS1; ZTF","ZTF19aczmnqy","ATLAS1 - ACAM1, P48 - ZTF-Cam, PS1 - GPC1","UH88 - SNIFS","1","1","","18.7863","g-ZTF","2019-12-19 03:01:22.000","ALeRCE","",""
"49720","SN 2019xbm","13:07:14.000","+58:08:03.33","SN IIb","0.026","UGC 08205","0.027713","ALeRCE, ZTF, Pan-STARRS1","ZTF, Pan-STARRS1","TCD","Pan-STARRS1; ZTF","ZTF19acyjjni","P48 - ZTF-Cam, PS1 - GPC1","LT - SPRAT","1","1","","19.5441","g-ZTF","2019-12-19 13:22:25.000","ALeRCE","",""
"49623","SN 2019wxt","01:55:41.941","+31:25:04.55","SN IIb","0.036","","","Pan-STARRS1","Pan-STARRS1","ePESSTO+, adH0cc, None","Pan-STARRS1","PS19hgw","PS1 - GPC1","ESO-NTT - EFOSC2-NTT, LBT - MODS2, VLT-UT1 - FORS2","1","1","","19.38","i-Sloan","2019-12-16 07:19:12.000","PS1_Bot1","",""
"49469","SN 2019wrx","02:38:26.609","-01:07:57.33","SN IIb","0.03706","","","ATLAS, ZTF","ATLAS, ZTF","ZTF","ATLAS; ZTF","ATLAS19bdfm","ATLAS1 - ACAM1, P48 - ZTF-Cam","P200 - DBSP","1","1","","19.044","orange-ATLAS","2019-12-15 08:58:33.000","ATLAS_Bot1","",""
"49436","SN 2019wqq","10:35:04.834","+46:33:38.16","SN IIb","0.01123","","","ZTF, ATLAS","ZTF, ATLAS","ZTF","ATLAS; ZTF","ZTF19acxxwvi","ATLAS1 - ACAM1, P48 - ZTF-Cam","APO-3.5m - DIS","1","1","","17.547","r-ZTF","2019-12-11 10:17:11.000","ZTF_CLU_PUBLIC","",""
"47638","SN 2019tzx","12:02:14.040","+75:48:40.50","SN IIb","0.0435","","","ZTF, ATLAS, GaiaAlerts","ZTF, ATLAS, GaiaAlerts","ZTF","ATLAS; GaiaAlerts; ZTF","ZTF19ackjene","ATLAS1 - ACAM1, Gaia - Gaia-photometric, P48 - ZTF-Cam","P200 - DBSP","1","1","","18.92","r-ZTF","2019-10-29 11:52:26.000","ZTF_AMPEL_NEW","",""
"46084","SN 2019rta","08:28:49.316","+75:19:40.95","SN IIb","0.027","","","ZTF","ZTF","ZTF","ZTF","ZTF19accjfgv","P48 - ZTF-Cam","","1","1","","17.96","g-ZTF","2019-10-03 10:17:35.000","ZTF_AMPEL_NEW","",""
"44660","SN 2019pqo","15:41:30.333","+15:47:03.30","SN IIb","0.01413","NGC 5980","0.013649","ALeRCE, ATLAS","ZTF, ATLAS","ZTF","ALeRCE; ATLAS","ZTF19abxqppy","ATLAS1 - ACAM1, P48 - ZTF-Cam","Lick-3m - KAST","1","1","","18.6697","r-ZTF","2019-09-07 05:05:53.000","ALeRCE","",""
"44599","SN 2019pof","01:12:37.873","+33:02:05.77","SN IIb","0.0155","","","ZTF, ATLAS, Pan-STARRS1","ZTF, ATLAS, Pan-STARRS1","ZTF","ATLAS; Pan-STARRS1; ZTF","ZTF19abxtcio","ATLAS1 - ACAM1, P48 - ZTF-Cam, PS1 - GPC1","P60 - SEDM","1","1","","19.24","r-ZTF","2019-09-07 09:49:20.000","ZTF_AMPEL_NEW","",""
"44540","SN 2019ply","02:59:46.990","+15:17:48.70","SN IIb","0.021705","","","ZTF, ATLAS, Pan-STARRS1","ZTF, ATLAS, Pan-STARRS1","ZTF","ATLAS; Pan-STARRS1; ZTF","ZTF19abxjrge","ATLAS1 - ACAM1, P48 - ZTF-Cam, PS1 - GPC1","P60 - SEDM","1","1","","19.34","g-ZTF","2019-09-06 10:32:06.000","ZTF_AMPEL_NEW","",""
"43782","SN 2019oje","19:58:28.442","-37:32:19.55","SN IIb","0.045","","","ATLAS","ATLAS","ePESSTO+","ATLAS","ATLAS19swz","ATLAS1 - ACAM1","ESO-NTT - EFOSC2-NTT","1","1","","18.905","orange-ATLAS","2019-08-22 08:03:50.000","ATLAS_Bot1","",""
"43684","SN 2019ofk","16:18:30.069","+18:28:30.24","SN IIb","0.03561","","","ZTF, ATLAS, Pan-STARRS1","ZTF, ATLAS, Pan-STARRS1","ZTF","ATLAS; Pan-STARRS1; ZTF","ZTF19abqmsnk","ATLAS1 - ACAM1, P48 - ZTF-Cam, PS1 - GPC1","P60 - SEDM","1","1","","19.76","g-ZTF","2019-08-20 03:38:45.000","ZTF_AMPEL_NEW","",""
"43577","SN 2019obh","04:36:22.245","-10:22:20.05","SN IIb","0.0355","","","ZTF, Pan-STARRS1","ZTF, Pan-STARRS1","ePESSTO+","Pan-STARRS1; ZTF","ZTF19abqykei","P48 - ZTF-Cam, PS1 - GPC1","ESO-NTT - EFOSC2-NTT","1","1","","19.3","r-ZTF","2019-08-18 12:10:21.000","ZTF_AMPEL_NEW","",""
"41655","SN 2019lgc","00:14:54.036","+36:18:03.29","SN IIb","0.0354","","","Pan-STARRS1, ZTF, ATLAS","Pan-STARRS1, ZTF, ATLAS","ZTF","ATLAS; Pan-STARRS1; ZTF","PS19dsm","ATLAS1 - ACAM1, P48 - ZTF-Cam, PS1 - GPC1","","1","1","","19.81","i-Sloan","2019-07-14 13:26:24.000","PS1_Bot1","",""
"39676","SN 2019iij","14:56:33.530","-25:50:10.90","SN IIb","0.02895","","","ZTF, GaiaAlerts","ZTF, GaiaAlerts","ZTF","GaiaAlerts; ZTF","ZTF19abbywep","Gaia - Gaia-photometric, P48 - ZTF-Cam","P200 - DBSP","1","1","","19.59","g-ZTF","2019-06-28 04:32:34.000","ZTF_AMPEL_NEW","",""
"39607","SN 2019igh","14:13:39.492","+07:39:25.36","SN IIb","0.025","","","ZTF, ATLAS, Pan-STARRS1","ZTF, ATLAS, Pan-STARRS1","ZTF","ATLAS; Pan-STARRS1; ZTF","ZTF19abbthwy","ATLAS1 - ACAM1, P48 - ZTF-Cam, PS1 - GPC1","P200 - DBSP","1","1","","19.05","r-ZTF","2019-06-27 04:37:36.000","ZTF_AMPEL_NEW","",""
"39263","SN 2019hte","14:34:13.598","+21:36:05.89","SN IIb","0.08528","","","ZTF, ATLAS","ZTF, ATLAS","ZTF","ATLAS; ZTF","ZTF19aazwnwy","ATLAS1 - ACAM1, P48 - ZTF-Cam","P200 - DBSP","1","1","","19.56","r-ZTF","2019-06-14 05:03:50.000","ZTF_Bot1","",""
"38087","SN 2019gaf","20:36:55.239","+02:48:24.62","SN IIb","0.006","","","ATLAS, Pan-STARRS1, ZTF, GaiaAlerts","ATLAS, Pan-STARRS1, ZTF, GaiaAlerts","ePESSTO+, ZTF","ATLAS; GaiaAlerts; Pan-STARRS1; ZTF","ATLAS19lsc","ATLAS1 - ACAM1, Gaia - Gaia-photometric, P48 - ZTF-Cam, PS1 - GPC1","ESO-NTT - EFOSC2-NTT, P60 - SEDM","1","1","","18.627","orange-ATLAS","2019-05-27 13:06:14.000","ATLAS_Bot1","",""
"37679","SN 2019fks","21:41:16.504","-16:53:23.01","SN IIb","0.05","","","ATLAS, Pan-STARRS1","ATLAS, Pan-STARRS1","None","ATLAS; Pan-STARRS1","ATLAS19ktc","ATLAS1 - ACAM1, PS1 - GPC1","SOAR - Goodman","1","1","","19.111","orange-ATLAS","2019-05-15 13:33:35.000","ATLAS_Bot1","",""
"37465","SN 2019fco","10:32:04.719","+46:55:03.59","SN IIb","0.04058","","","ATLAS, ZTF, Pan-STARRS1","ATLAS, ZTF, Pan-STARRS1","ZTF","ATLAS; Pan-STARRS1; ZTF","ATLAS19kms","ATLAS1 - ACAM1, P48 - ZTF-Cam, PS1 - GPC1","P200 - DBSP","1","1","","19.28","orange-ATLAS","2019-05-13 06:54:43.000","ATLAS_Bot1","",""
"36851","SN 2019eff","16:33:39.146","+13:54:36.72","SN IIb","0.05","","","Pan-STARRS1, ZTF","Pan-STARRS1, ZTF","None","Pan-STARRS1; ZTF","PS19sh","P48 - ZTF-Cam, PS1 - GPC1","SOAR - Goodman","1","1","","20.46","i-Sloan","2019-04-25 13:59:31.000","PS1_Bot1","",""
"36841","SN 2019eev","09:57:05.860","+08:04:10.17","SN IIb","0.042","","","ZTF, ATLAS, Pan-STARRS1","ZTF, ATLAS, Pan-STARRS1","ZTF","ATLAS; Pan-STARRS1; ZTF","ZTF19aarhhfx","ATLAS1 - ACAM1, P48 - ZTF-Cam, PS1 - GPC1","APO-3.5m - DIS","1","1","","19.66","r-ZTF","2019-04-21 03:42:38.000","ZTF_AMPEL_COMPLETE","",""
"36025","SN 2019daf","13:47:48.122","+72:03:00.38","SN IIb","0.035","","","ZTF","ZTF","ZTF","ZTF","ZTF19aapadxs","P48 - ZTF-Cam","","1","1","","19","r-ZTF","2019-04-07 07:30:21.000","ZTF_AMPEL_COMPLETE","",""
"35299","SN 2019bzo","15:55:34.440","+26:54:54.79","SN IIb","0.065","","","ZTF, Pan-STARRS1, GaiaAlerts, ATLAS","ZTF, Pan-STARRS1, GaiaAlerts, ATLAS","ePESSTO","ATLAS; GaiaAlerts; Pan-STARRS1; ZTF","ZTF19aalzvnu","ATLAS1 - ACAM1, Gaia - Gaia-photometric, P48 - ZTF-Cam, PS1 - GPC1","ESO-NTT - EFOSC2-NTT","1","1","","19.83","g-ZTF","2019-03-05 12:26:47.000","ZTF_AMPEL_COMPLETE","",""
"34641","SN 2019bao","10:29:18.520","+06:07:21.83","SN IIb","0.01188","","","ZTF, ATLAS, GaiaAlerts, Pan-STARRS1","ZTF, ATLAS, GaiaAlerts, Pan-STARRS1","Padova-Asiago, ZTF","ATLAS; GaiaAlerts; Pan-STARRS1; ZTF","ZTF19aaknate","ATLAS1 - ACAM1, Gaia - Gaia-photometric, P48 - ZTF-Cam, PS1 - GPC1","Ekar - AFOSC, P60 - SEDM","1","1","","18.09","r-ZTF","2019-02-24 05:57:03.000","ZTF_AMPEL_NEW","",""
"34485","SN 2019aur","03:01:10.422","+41:23:45.76","SN IIb","0.0124","","","ATLAS, ZTF, GaiaAlerts","ATLAS, ZTF, GaiaAlerts","ZTF","ATLAS; GaiaAlerts; ZTF","ATLAS19dhf","ATLAS1 - ACAM1, Gaia - Gaia-photometric, P48 - ZTF-Cam","P200 - DBSP","1","1","","18.503","orange-ATLAS","2019-02-12 06:17:16.000","ATLAS_Bot1","",""
"34166","SN 2019ail","10:28:27.280","+12:42:21.81","SN IIb","0.0325","","","ZTF","ZTF","ZTF","ZTF","ZTF19aadnsqj","P48 - ZTF-Cam","P200 - DBSP","1","1","","20.07","g-ZTF","2019-01-08 10:55:12.000","ZTF_Bot1","",""
"34108","SN 2019agh","16:30:50.229","+41:24:09.88","SN IIb","0.030621","","","ZTF","ZTF","ZTF","ZTF","ZTF19aaeoqqj","P48 - ZTF-Cam","P200 - DBSP","1","1","","19.07","g-ZTF","2019-01-25 12:17:38.000","ZTF_AMPEL_NEW","",""
"33983","SN 2019abp","16:23:26.534","+22:29:10.11","SN IIb","0.037628","","","ZTF","ZTF","ZTF","ZTF","ZTF19aaejtof","P48 - ZTF-Cam","P200 - DBSP","1","1","","19.41","g-ZTF","2019-01-24 13:16:18.000","ZTF_AMPEL_NEW","",""
"33890","SN 2019yc","00:39:34.996","+00:52:04.13","SN IIb","0.0145","NGC 201","","GaiaAlerts, ZTF, ATLAS","GaiaAlerts, ZTF, ATLAS","NUTS, ZTF","ATLAS; GaiaAlerts; ZTF","","ATLAS1 - ACAM1, Gaia - Gaia-photometric, Other - Other, P48 - ZTF-Cam","NOT - ALFOSC, P200 - DBSP","1","1","","16.7","Clear-","2019-01-22 11:10:50.000","Itagaki","",""
"33881","SN 2019xt","14:11:55.741","-00:50:11.77","SN IIb","0.032","","","ATLAS, ZTF, Pan-STARRS1","ATLAS, ZTF, Pan-STARRS1","ZTF","ATLAS; Pan-STARRS1; ZTF","ATLAS19btj","ATLAS1 - ACAM1, P48 - ZTF-Cam, PS1 - GPC1","P200 - DBSP","1","1","","18.423","orange-ATLAS","2019-01-21 14:34:04.000","ATLAS_Bot1","",""
"33712","SN 2019rn","02:17:59.609","+14:32:00.42","SN IIb","0.013","","","ATLAS, ZTF, GaiaAlerts, Pan-STARRS1","ATLAS, ZTF, GaiaAlerts, Pan-STARRS1","SCAT","ATLAS; GaiaAlerts; Pan-STARRS1; ZTF","ATLAS19bdu","ATLAS1 - ACAM1, Gaia - Gaia-photometric, Other - Other, P48 - ZTF-Cam, PS1 - GPC1","UH88 - SNIFS","1","1","","18.863","orange-ATLAS","2019-01-12 07:14:52.000","ATLAS_Bot1","",""
"31657","SN 2018jee","07:23:14.648","+56:31:30.36","SN IIb","0.04","","","ZTF, Pan-STARRS1, ATLAS","ZTF, Pan-STARRS1, ATLAS","ZTF","ATLAS; Pan-STARRS1; ZTF","ZTF18acrcyqw","ATLAS1 - ACAM1, P48 - ZTF-Cam, PS1 - GPC1","P60 - SEDM","1","1","","19.1295","r-ZTF","2018-11-25 09:58:11.000","ZTF_AMPEL_NEW","",""
"31559","SN 2018jak","09:59:18.195","+34:53:43.72","SN IIb","0.03849","","","ZTF, ATLAS, Pan-STARRS1","ZTF, ATLAS, Pan-STARRS1","ZTF","ATLAS; Pan-STARRS1; ZTF","ZTF18acqxyiq","ATLAS1 - ACAM1, P48 - ZTF-Cam, PS1 - GPC1","","1","1","","19.21","g-ZTF","2018-11-21 12:56:09.000","ZTF_Bot1","",""
"31399","SN 2018iug","06:47:55.046","+67:54:58.74","SN IIb","0.073","","","ZTF, Pan-STARRS1","ZTF, Pan-STARRS1","ZTF","Pan-STARRS1; ZTF","ZTF18acnmifq","P48 - ZTF-Cam, PS1 - GPC1","P60 - SEDM","1","1","","20.5265","g-ZTF","2018-11-15 10:43:33.000","ZTF_AMPEL_NEW","",""
"30920","SN 2018iby","11:20:00.121","+36:06:03.73","SN IIb","0.026","","","ZTF, Pan-STARRS1","ZTF, Pan-STARRS1","ZTF","Pan-STARRS1; ZTF","ZTF18acbzvpg","P48 - ZTF-Cam, PS1 - GPC1","P60 - SEDM","1","1","","19.0274","r-ZTF","2018-11-01 12:58:18.000","ZTF_AMPEL_NEW","",""
"30627","SN 2018hqu","12:16:33.780","+41:31:56.50","SN IIb","0.05","","","GaiaAlerts, ZTF","GaiaAlerts, ZTF","ZTF","GaiaAlerts; ZTF","Gaia18dfh","Gaia - Gaia-photometric, P48 - ZTF-Cam","","1","1","","19.71","G-Gaia","2018-10-09 06:10:04.000","Gaia_Bot1","",""
"30389","SN 2018hhs","23:49:58.194","+07:04:24.62","SN IIb","0.06","","","ATLAS, ZTF","ATLAS, ZTF","ZTF","ATLAS; ZTF","ATLAS18wrt","ATLAS1 - ACAM1, P48 - ZTF-Cam","P60 - SEDM","1","1","","19.615","cyan-ATLAS","2018-10-11 10:52:19.000","ATLAS_Bot1","",""
"29758","SN 2018gjx","02:16:15.580","+28:35:28.61","SN IIb","0.00999","NGC 865","","XOSS, ATLAS, ZTF, LOSS, GaiaAlerts, Pan-STARRS1","XOSS, ATLAS, ZTF, LOSS, GaiaAlerts, Pan-STARRS1","ePESSTO, ZTF","ATLAS; GaiaAlerts; LOSS; Pan-STARRS1; XOSS; ZTF","PSP18C","ATLAS1 - ACAM1, Gaia - Gaia-photometric, Other - Other, P48 - ZTF-Cam, PS1 - GPC1","ESO-NTT - EFOSC2-NTT, P60 - SEDM","1","1","","16.9","Clear-","2018-09-15 19:41:24.000","Xu","",""
"29488","SN 2018fzn","19:49:56.909","+59:35:34.18","SN IIb","0.0375","","","ZTF","ZTF","ZTF","ZTF","ZTF18abojpnr","P48 - ZTF-Cam","","1","1","","19.08","r-ZTF","2018-08-29 07:13:26.000","ZTF_Bot1","",""
"28950","SN 2018fex","03:55:20.810","-56:45:14.44","SN IIb","0.024","IC 2014","0.02428","ASAS-SN, GaiaAlerts","ASAS-SN, GaiaAlerts","ePESSTO","ASAS-SN; GaiaAlerts","ASASSN-18ss","ASASSN-3 - Paczynski, Gaia - Gaia-photometric","ESO-NTT - EFOSC2-NTT","1","1","","17.8","g-Sloan","2018-08-17 07:55:12.000","Stanek","",""
"28944","SN 2018fer","20:33:05.240","-20:51:24.37","SN IIb","0.021","","","ATLAS, ZTF, GaiaAlerts","ATLAS, ZTF, GaiaAlerts","SCAT, ePESSTO","ATLAS; GaiaAlerts; ZTF","ATLAS18twh","ATLAS1 - ACAM1, Gaia - Gaia-photometric, P48 - ZTF-Cam","ESO-NTT - EFOSC2-NTT, UH88 - SNIFS","1","1","","18.584","orange-ATLAS","2018-08-17 09:34:33.000","ATLAS_Bot1","",""
"28898","SN 2018fcx","04:05:56.720","-15:08:43.62","SN IIb","0.025","","","GaiaAlerts, ATLAS","GaiaAlerts, ATLAS","ePESSTO","ATLAS; GaiaAlerts","Gaia18cet","ATLAS1 - ACAM1, Gaia - Gaia-photometric","ESO-NTT - EFOSC2-NTT","1","1","","18.48","G-Gaia","2018-08-13 18:47:31.000","Gaia_Bot1","",""
"28278","SN 2018efd","18:19:59.661","+51:47:47.30","SN IIb","0.03","","","ZTF, Pan-STARRS1","ZTF, Pan-STARRS1","ZTF","Pan-STARRS1; ZTF","ZTF18abgrbjb","P48 - ZTF-Cam, PS1 - GPC1","","1","1","","20.07","g-ZTF","2018-07-15 08:19:40.000","ZTF_Bot1","",""
"28141","SN 2018dzw","15:56:25.843","+46:53:57.32","SN IIb","0.038","","","ATLAS, ZTF","ATLAS, ZTF","ZTF","ATLAS; ZTF","ATLAS18sht","ATLAS1 - ACAM1, P48 - ZTF-Cam","","1","1","","19.196","cyan-ATLAS","2018-07-17 09:02:52.000","ATLAS_Bot1","",""
"27560","SN 2018ddr","13:58:38.470","+07:13:01.27","SN IIb","0.01462","","","ZTF, GaiaAlerts, ATLAS","ZTF, GaiaAlerts, ATLAS","ASAS-SN, ZTF","ATLAS; GaiaAlerts; ZTF","ZTF18abdmlya","ATLAS1 - ACAM1, Gaia - Gaia-photometric, P48 - ZTF-Cam","LCO-duPont - WFCCD","1","1","","18.42","r-ZTF","2018-07-03 07:13:26.000","ZTF_Bot1","",""
"26569","SN 2018bsg","10:10:28.180","+02:13:48.50","SN IIb","0.0217","UGC 05487","0.021686","ASAS-SN, ATLAS, GaiaAlerts","ASAS-SN, ATLAS, GaiaAlerts","ePESSTO","ASAS-SN; ATLAS; GaiaAlerts","ASASSN-18ke","ASASSN-5 - Payne-Gaposchkin, ATLAS1 - ACAM1, Gaia - Gaia-photometric","ESO-NTT - EFOSC2-NTT","1","1","","17.9","g-Sloan","2018-05-15 18:00:00.000","Stanek","",""
"26221","SN 2018bho","14:51:11.060","+17:11:39.08","SN IIb","0.04502","","","ATLAS, ZTF","ATLAS, ZTF","ZTF","ATLAS; ZTF","ATLAS18oaw","ATLAS1 - ACAM1, P48 - ZTF-Cam","","1","1","","18.965","orange-ATLAS","2018-05-05 12:00:00.000","ATLAS_Bot1","",""
"25804","SN 2018arx","14:06:34.820","-32:34:43.32","SN IIb","0.033853","ESO 446- G 008 ","0.033853","ASAS-SN, ATLAS, GaiaAlerts","ASAS-SN, ATLAS, GaiaAlerts","ASAS-SN","ASAS-SN; ATLAS; GaiaAlerts","ASASSN-18hq","ASASSN-3 - Paczynski, ATLAS1 - ACAM1, Gaia - Gaia-photometric","LCO-duPont - WFCCD","1","1","","17.3","g-Sloan","2018-04-09 07:26:24.000","Stanek","",""
"25031","SN 2018ow","02:51:04.415","+09:06:44.32","SN IIb","0.01","","","Pan-STARRS1","Pan-STARRS1","None","Pan-STARRS1","PS18gc","PS1 - GPC1","Lick-3m - KAST","1","1","","19.39","i-Sloan","2018-01-30 05:42:43.000","PS1_Bot1","",""
"24955","SN 2018mc","18:01:00.854","+61:41:46.88","SN IIb","0.035","","","ASAS-SN, ATLAS","ASAS-SN, ATLAS","NUTS","ASAS-SN; ATLAS","ASASSN-18bq","ASASSN-1 - Brutus, ASASSN-4 - Leavitt, ATLAS1 - ACAM1","NOT - ALFOSC","1","1","","17.4","g-Sloan","2018-01-29 12:14:24.000","Stanek","",""
"24029","SN 2017jdn","10:23:45.300","+53:06:18.79","SN IIb","0.0317","UGC5615","","ISSP, GaiaAlerts","ISSP, GaiaAlerts","None","GaiaAlerts; ISSP","","Gaia - Gaia-photometric, Other - Other","BAO-2.16m - Cassegrain","1","1","","17.8","Clear-","2017-12-24 04:33:36.000","Ciabattari","",""
"23975","SN 2017jbl","03:33:12.775","+36:11:22.84","SN IIb","0.015054","UGC 2780","0.015054","POSS, ATLAS","POSS, ATLAS","Padova-Asiago","ATLAS; POSS","","ATLAS1 - ACAM1, Other - Other","Ekar - AFOSC","1","1","","18.3","Clear-","2017-12-20 08:36:48.000","Puckett","",""
"23888","SN 2017iyd","11:46:25.387","+01:59:33.78","SN IIb","0.0285","","","ATLAS, Pan-STARRS1","ATLAS, Pan-STARRS1","ePESSTO","ATLAS; Pan-STARRS1","ATLAS17nsf","ATLAS1 - ACAM1, PS1 - GPC1","ESO-NTT - EFOSC2-NTT","1","1","","19.19","orange-ATLAS","2017-12-13 14:47:02.000","ATLAS_Bot1","",""
"23884","SN 2017ixz","07:47:03.073","+26:46:25.79","SN IIb","0.024","","","ATLAS, Pan-STARRS1","ATLAS, Pan-STARRS1","None","ATLAS; Pan-STARRS1","ATLAS17nsg","ATLAS1 - ACAM1, PS1 - GPC1","Lick-3m - KAST","1","1","","18.491","orange-ATLAS","2017-12-14 12:31:40.000","ATLAS_Bot1","",""
"23181","SN 2017hyh","07:10:41.080","+06:27:41.29","SN IIb","0.012","","","ATLAS, GaiaAlerts","ATLAS, GaiaAlerts","ePESSTO","ATLAS; GaiaAlerts","ATLAS17naq","ATLAS1 - ACAM1, Gaia - Gaia-photometric","ESO-NTT - EFOSC2-NTT","1","1","","18.465","orange-ATLAS","2017-11-05 11:34:04.000","ATLAS_Bot1","",""
"22375","SN 2017gth","01:12:38.191","+05:45:58.39","SN IIb","0.038","","","ATLAS","ATLAS","ePESSTO","ATLAS","ATLAS17kvk","ATLAS1 - ACAM1","ESO-NTT - EFOSC2-NTT","1","1","","18.98","orange-ATLAS","2017-08-23 13:27:50.000","ATLAS_Bot1","",""
"22086","SN 2017gkk","09:13:44.570","+76:28:44.54","SN IIb","0.004923","NGC2748","","GaiaAlerts, Pan-STARRS1, MASTER","GaiaAlerts, Pan-STARRS1, MASTER","NUTS","GaiaAlerts; MASTER; Pan-STARRS1","","Gaia - Gaia-photometric, Other - Other, PS1 - GPC1","NOT - ALFOSC","1","1","","14.7","Clear-","2017-08-31 18:52:02.000","Itagaki","",""
"21971","SN 2017gfz","00:12:51.892","-32:43:53.00","SN IIb","0.06","","","SkyMapper","SkyMapper","ePESSTO","SkyMapper","SMT17sct","SkyMapper - SM-WFCam","ESO-NTT - EFOSC2-NTT","1","1","","19.5","r-SM-SkyMapper","2017-08-16 14:12:28.000","smt_bot","",""
"21953","SN 2017gfh","20:03:27.405","+06:59:27.73","SN IIb","0.024","PGC 1311562","","Pan-STARRS1","Pan-STARRS1","ePESSTO","Pan-STARRS1","","Other - Other, PS1 - GPC1","ESO-NTT - EFOSC2-NTT","1","1","","18.95","Clear-","2017-08-18 20:22:50.000","russiani","",""
"21246","SN 2017fek","20:21:47.444","-10:43:53.27","SN IIb","0.033","","","ATLAS","ATLAS","None, ASAS-SN","ATLAS","ATLAS17iif","ATLAS1 - ACAM1","LT - SPRAT, SOAR - Goodman","1","1","","17.25","orange-ATLAS","2017-07-05 11:55:40.000","ATLAS_Bot1","",""
"20685","SN 2017eiy","23:49:28.270","-30:25:04.69","SN IIb","0.047","","","GaiaAlerts","GaiaAlerts","ePESSTO","GaiaAlerts","Gaia17bjp","Gaia - Gaia-photometric","ESO-NTT - EFOSC2-NTT","1","1","","18.92","G-Gaia","2017-05-26 18:21:36.000","Gaia_Bot1","",""
"19933","SN 2017dgd","16:45:38.976","+01:37:20.28","SN IIb","0.022","","","Pan-STARRS1","Pan-STARRS1","Padova-Asiago","Pan-STARRS1","PS17ckw","PS1 - GPC1","Ekar - AFOSC","1","1","","17.76","i-Sloan","2017-04-19 13:30:43.000","PS1_Bot1","",""
"19107","SN 2017cao","19:24:02.190","+42:17:21.08","SN IIb","0.02","","","GaiaAlerts","GaiaAlerts","None","GaiaAlerts","Gaia17apq","Gaia - Gaia-photometric","P200 - DBSP","1","1","","17.15","G-Gaia","2017-03-06 23:45:36.000","Gaia_Bot1","",""
"18240","SN 2017ati","09:49:56.700","+67:10:59.56","SN IIb","0.016","","","GaiaAlerts","GaiaAlerts","None","GaiaAlerts","Gaia17aiq","Gaia - Gaia-photometric","Ekar - AFOSC","1","1","","17.57","G-Gaia","2017-02-06 10:14:52.000","Gaia_Bot1","",""
"17389","SN 2017mw","09:57:20.970","-41:35:20.98","SN IIb","0.012","","","GaiaAlerts","GaiaAlerts","ePESSTO","GaiaAlerts","Gaia17afb","Gaia - Gaia-photometric","ESO-NTT - EFOSC2-NTT","1","1","","17.12","G-Gaia","2017-01-20 09:11:31.000","Gaia_Bot1","",""
"17302","SN 2017jo","09:57:36.150","-22:10:23.92","SN IIb","0.023","","","GaiaAlerts, Pan-STARRS1","GaiaAlerts, Pan-STARRS1","PESSTO","GaiaAlerts; Pan-STARRS1","Gaia17acs","Gaia - Gaia-photometric, PS1 - GPC1","ESO-NTT - EFOSC2-NTT","1","1","","18.92","G-Gaia","2017-01-13 15:07:12.000","Gaia_Bot1","",""
"16788","SN 2016iye","07:45:19.720","-71:24:17.90","SN IIb","0.03","NGC2466","","BOSS","BOSS","PESSTO","BOSS; PESSTO","","Other - Other","ESO-NTT - EFOSC2-NTT","1","1","","17.4","Clear-","2016-12-19 11:23:45.000","Parker","",""
"16786","SN 2016iyc","22:09:14.290","+21:31:17.33","SN IIb","","UGC 11924","0.012685","LOSS, GaiaAlerts","LOSS, GaiaAlerts","LOSS","GaiaAlerts; LOSS","kait-16bx","Gaia - Gaia-photometric, Other - Other","Lick-3m - KAST","1","1","","17","Clear-","2016-12-18 03:28:00.000","Zheng"," [Object redshift updated according to host-redshift by admin]",""
"15054","SN 2016gkg","01:34:14.440","-29:26:24.22","SN IIb","0.0049","NGC 613","0.00492","Pan-STARRS1, GaiaAlerts","Pan-STARRS1, GaiaAlerts","None","GaiaAlerts; Pan-STARRS1","","Gaia - Gaia-photometric, Other - Other, PS1 - GPC1","SALT - RSS, SOAR - Goodman","1","1","","17.6","Clear-","2016-09-20 05:57:45.000","Otero","",""
"14042","SN 2016exv","03:39:34.400","+20:42:30.40","SN IIb","0.021218","","","GaiaAlerts, iPTF","GaiaAlerts, iPTF","None","GaiaAlerts; iPTF","Gaia16azp","Gaia - Gaia-photometric, P48 - CFH12k","P60 - SEDM","1","1","","17.66","G-Gaia","2016-08-09 20:32:38.000","Gaia_Bot1","",""
"11704","SN 2016bmd","07:20:24.300","+32:51:01.20","SN IIb","0.0142","GALEXASC J072024.60+325058.8","","ASAS-SN","ASAS-SN","NUTS","ASAS-SN","ASASSN-16ek","ASASSN-1 - Brutus","NOT - ALFOSC","1","1","","16.4","V-Johnson","2016-04-12 06:57:36.000","Holoien","",""
"11694","SN 2016blt","14:15:45.760","-47:38:15.00","SN IIb","0.016","ESO-271-G26","","BOSS","BOSS","PESSTO","BOSS","","Other - Other","ESO-NTT - EFOSC2-NTT","1","1","","18","Other-","2016-04-04 12:30:22.000","Parker","",""
"11588","SN 2016bhr","14:25:20.578","+32:28:55.99","SN IIb","0.014","","","Pan-STARRS1","Pan-STARRS1","LCOGT SN-KP","Pan-STARRS1","PS16bho","PS1 - GPC1","FTN - FLOYDS-N","1","1","","17.248","r-Sloan","2016-03-17 11:06:54.000","Young","",""
"11407","SN 2016bas","07:38:05.530","-55:11:47.00","SN IIb","0.009","ESO-163-G011","","BOSS","BOSS","LCOGT SN-KP","BOSS","","Other - Other","FTS - FLOYDS-S","1","1","","16.8","Clear-","2016-03-12 12:16:29.000","Parker","",""
"11266","SN 2016avh","10:25:47.883","-11:25:17.60","SN IIb","0.038","","","Pan-STARRS1","Pan-STARRS1","None","Pan-STARRS1","PS16ave","PS1 - GPC1","SOAR - Goodman","1","1","","19.3997","r-Sloan","2016-02-28 10:30:01.000","Young","",""
"10023","SN 2016U","10:34:19.270","+03:24:25.50","SN IIb","0.074","2MASX J10341910+0324229","0.074","Pan-STARRS1","Pan-STARRS1","None","Pan-STARRS1","PS16gs","PS1 - GPC1","SOAR - Goodman","1","1","","20.9558","w-PS1","2016-01-04 14:21:07.000","Wright","",""
"10014","SN 2016M","07:16:37.750","+67:53:32.30","SN IIb","0.036","PGC 2707944","","","","None","","","Other - Other","Lijiang-2.4m - YFOSC","1","1","","18.3","Clear-","2016-01-15 15:47:00.000","Xu","",""
"10001","SN 2015bi","14:32:15.300","+26:19:31.60","SN IIb","0.016","VV 839","0.016014","ASAS-SN, GaiaAlerts","ASAS-SN, GaiaAlerts","None","ASAS-SN; GaiaAlerts","ASASSN-15uy","ASASSN-1 - Brutus, Gaia - Gaia-photometric","XLT - BFOSC","1","1","","16.58","V-Johnson","2015-12-31 14:52:48.000","Dong","",""
"6530","SN 2015au","22:30:59.419","-13:59:56.11","SN IIb","","NGC 7300        ","","","","","","","","","0","1","","17.7","","2015-11-10 00:00:00.000","","[Discoverer=Bock; DiscoveryRef=CBET 4198; PositionRef=CBET 4198; Orig Type=IIb]",""
"6470","SN 2014ds","08:11:16.450","+25:10:47.39","SN IIb","","NGC 2536        ","","","","","","","","","0","1","","16.3","","2014-10-11 00:00:00.000","","[Discoverer=Xu, Gao (Xingming Sky Survey); DiscoveryRef=CBET 4010; PositionRef=CBET 4010; Orig Type=IIb]",""
"6441","SN 2014cq","09:23:29.551","-63:40:28.31","SN IIb","","Anon.           ","","","","","","","","","0","1","","16.8","","2014-06-20 00:00:00.000","","[Discoverer=Parker; DiscoveryRef=CBET 3955; PositionRef=CBET 3955; Orig Type=IIb]",""
"6436","SN 2014cl","02:16:09.101","-11:56:02.62","SN IIb","","IC 217          ","","","","","","","PS1 - GPC1","","0","1","","17.5","","2014-06-16 00:00:00.000","","[Discoverer=Gonzalez, Pignata et al. (CHASE); DiscoveryRef=CBET 3950; PositionRef=CBET 3950; Orig Type=IIb]",""
"6310","SN 2013gk","18:42:13.030","-49:44:37.00","SN IIb","","ESO 230-G6      ","","","","","","","","","0","1","","16.8","","2013-10-28 00:00:00.000","","[Discoverer=Parker; DiscoveryRef=CBET 3717; PositionRef=CBET 3717; Orig Type=IIb]",""
"6289","SN 2013fq","19:59:07.949","-55:55:46.60","SN IIb","","Anon.           ","","","","","","","","","0","1","","15.3","","2013-09-15 00:00:00.000","","[Discoverer=Parker; DiscoveryRef=CBET 3665; PositionRef=CBET 3665; Orig Type=IIb]",""
"6261","SN 2013ep","22:58:30.350","+40:25:44.51","SN IIb","0.017","Anon.           ","","","","DAO_OTS","","","","Plaskett - Plaskett","0","1","","18.4","","2013-07-29 00:00:00.000","","[Discoverer=Ciabattari; DiscoveryRef=CBET 3615; PositionRef=CBET 3615; Orig Type=IIb]",""
"6199","SN 2013ch","12:41:43.411","-84:27:52.42","SN IIb","","ESO 7-6         ","","","","","","","","","0","1","","16.9","","2013-04-30 00:00:00.000","","[Discoverer=Bock, Marples; DiscoveryRef=CBET 3518; PositionRef=CBET 3518; Orig Type=IIb]",""
"6177","SN 2013bl","08:46:15.060","+41:34:40.01","SN IIb","","UGC 4578        ","","","","","","","","","0","1","","18","","2013-04-07 00:00:00.000","","[Discoverer=Rich, Rosebush, Sawyer; DiscoveryRef=CBET 3484; PositionRef=CBET 3484; Orig Type=IIb]",""
"6169","SN 2013bd","15:42:58.130","-18:23:47.18","SN IIb","","ESO 583-G5      ","","","","","","","","","0","1","","20.2","","2013-03-17 00:00:00.000","","[Discoverer=Howerton, Drake et al. (Catalina Real-time Transient Survey); DiscoveryRef=CBET 3469; PositionRef=CBET 3469; Orig Type=IIb]",""
"6167","SN 2013bb","14:12:13.961","+15:50:31.49","SN IIb","","NGC 5504        ","","","","","","","","","0","1","","18.4","","2013-04-03 00:00:00.000","","[Discoverer=Howerton, Drake et al. (Catalina Real-time Transient Survey); DiscoveryRef=CBET 3466; PositionRef=CBET 3466; Orig Type=IIb]",""
"6359","SN 2013P","09:13:37.171","+29:59:58.70","SN IIb","","MCG +05-22-20   ","","","","","","","","","0","1","","17","","2013-01-15 00:00:00.000","","[Discoverer=Howerton, Drake et al. (Catalina Sky Survey); DiscoveryRef=CBET 3399; PositionRef=CBET 3399; Orig Type=IIb]",""
"6018","SN 2012es","14:24:29.110","-16:45:39.20","SN IIb","","NGC 5597        ","","","","","","","","","0","1","","16.3","","2012-08-12 00:00:00.000","","[Discoverer=Monard; DiscoveryRef=CBET 3225; PositionRef=CBET 3225; Orig Type=IIb]",""
"5980","SN 2012dh","13:11:09.041","-28:00:33.08","SN IIb","","ESO 443-80      ","","","","","","","","","0","1","","13.5","","2012-06-26 00:00:00.000","","[Discoverer=Maza, Pignata et al. (CHASE); DiscoveryRef=CBET 3163; PositionRef=CBET 3163; Orig Type=IIb]",""
"5964","SN 2012cs","15:31:57.660","+68:14:42.11","SN IIb","","IC 1129         ","","","","","","","","","0","1","","18","","2012-06-01 00:00:00.000","","[Discoverer=Rich; DiscoveryRef=CBET 3143; PositionRef=CBET 3143; Orig Type=IIb]",""
"5949","SN 2012cd","13:22:35.249","+54:48:47.70","SN IIb","","Anon.           ","","","","","","","","","0","1","","15.1","","2012-05-06 00:00:00.000","","[Discoverer=Lipunov (MASTER); DiscoveryRef=CBET 3106; PositionRef=CBET 3106; Orig Type=IIb]",""
"5905","SN 2012an","17:24:10.229","+59:00:06.91","SN IIb","","NGC 6373        ","","","","","","","","","0","1","","17.4","","2012-02-21 00:00:00.000","","[Discoverer=Newton, Puckett; DiscoveryRef=CBET 3035; PositionRef=CBET 3035; Orig Type=IIb]",""
"5843","SN 2011jg","16:17:18.871","+59:19:29.78","SN IIb","","UGC 10331       ","","","","","","","","","0","1","","18.5","","2011-12-17 00:00:00.000","","[Discoverer=Cortini; DiscoveryRef=CBET 2952; PositionRef=CBET 2952; Orig Type=IIb]",""
"5801","SN 2011hs","22:57:11.770","-43:23:04.81","SN IIb","","IC 5267         ","","","","","","","","","0","1","","15.5","","2011-11-12 00:00:00.000","","[Discoverer=Parker; DiscoveryRef=CBET 2902; PositionRef=CBET 2902; Orig Type=IIb]",""
"5710","SN 2011ei","20:34:22.620","-31:58:23.59","SN IIb","","NGC 6925        ","","","","","","","","","0","1","","18","","2011-07-25 00:00:00.000","","[Discoverer=Parker; DiscoveryRef=CBET 2777; PositionRef=CBET 2777; Orig Type=IIb  ]",""
"5649","SN 2011cb","22:47:07.490","-64:49:43.39","SN IIb","","Anon.           ","","","","","","","","","0","1","","14.9","","2011-04-29 00:00:00.000","","[Discoverer=Parker; DiscoveryRef=CBET 2711; PositionRef=CBET 2711; Orig Type=IIb  ]",""
"5642","SN 2011bv","13:02:53.570","-04:02:35.99","SN IIb","","Anon.           ","","","","","","","","","0","1","","18.8","","2011-03-30 00:00:00.000","","[Discoverer=Drake et al. (Catalina Real-time Transient Survey); DiscoveryRef=CBET 2704; PositionRef=CBET 2704; Orig Type=IIb  ]",""
"5886","SN 2011V","09:27:38.760","+28:47:27.49","SN IIb","","MCG +05-22-48   ","","","","","","","","","0","1","","16","","2011-01-28 00:00:00.000","","[Discoverer=Drake et al. (Catalina Sky Survey); DiscoveryRef=CBET 2650; PositionRef=CBET 2650; Orig Type=IIb  ]",""
"5674","SN 2011D","03:02:14.580","+17:20:58.88","SN IIb","","UGC 2498        ","","","","","","","","","0","1","","18.2","","2011-01-05 00:00:00.000","","[Discoverer=Howerton and Drake et al. (Catalina Sky Survey); Cenko et al. (LOSS); DiscoveryRef=CBET 2627; PositionRef=CBET 2627; Orig Type=IIb  ]",""
"5567","SN 2010ls","13:40:51.559","-48:23:03.08","SN IIb","","Anon.           ","","","","","","","","","0","1","","16.2","","2010-12-29 00:00:00.000","","[Discoverer=Pignata et al. (CHASE); DiscoveryRef=CBET 2615; PositionRef=CBET 2615; Orig Type=IIb  ]",""
"5555","SN 2010lg","22:56:40.219","+38:10:43.79","SN IIb","","Anon.           ","","","","","","","","","0","1","","18.1","","2010-11-15 00:00:00.000","","[Discoverer=Drake et al. (CRTS); DiscoveryRef=CBET 2601; PositionRef=CBET 2601; Orig Type=IIb  ]",""
"5529","SN 2010kh","20:59:46.730","-01:53:43.91","SN IIb","","UGC 11657       ","","","","","","","","","0","1","","17.4","","2010-11-18 00:00:00.000","","[Discoverer=Cenko et al. (LOSS); DiscoveryRef=CBET 2562; PositionRef=CBET 2562; Orig Type=IIb  ]",""
"5485","SN 2010ir","06:57:23.791","-24:43:10.49","SN IIb","","ESO 491-12      ","","","","","","","","","0","1","","16.6","","2010-10-09 00:00:00.000","","[Discoverer=Pignate et al. (CHASE); DiscoveryRef=CBET 2494; PositionRef=CBET 2494; Orig Type=IIb  ]",""
"5446","SN 2010hf","06:37:19.771","+56:22:57.79","SN IIb","","MCG +09-11-21   ","","","","","","","","","0","1","","18.3","","2010-08-31 00:00:00.000","","[Discoverer=Boles; DiscoveryRef=CBET 2432; PositionRef=CBET 2432; Orig Type=IIb  ]",""
"5443","SN 2010hc","19:55:08.239","-39:21:58.50","SN IIb","","ESO 339-6       ","","","","","","","","","0","1","","16.3","","2010-08-05 00:00:00.000","","[Discoverer=Drake et al. (Siding Spring Survey); DiscoveryRef=CBET 2429; PositionRef=CBET 2429; Orig Type=IIb  ]",""
"5397","SN 2010fk","16:11:19.411","+53:38:15.00","SN IIb","","Anon.           ","","","","","","","","","0","1","","22.1","","2010-06-06 00:00:00.000","","[Discoverer=Chornock et al. (PanSTARRS); DiscoveryRef=CBET 2350; PositionRef=CBET 2350; Orig Type=IIb  ]",""
"5370","SN 2010ek","22:48:40.961","+27:37:11.39","SN IIb","","UGC 12191       ","","","","","","","","","0","1","","18.8","","2010-06-15 00:00:00.000","","[Discoverer=Cenko et al. (LOSS); DiscoveryRef=CBET 2329; PositionRef=CBET 2329; Orig Type=IIb  ]",""
"5264","SN 2010am","09:33:01.750","+15:49:08.80","SN IIb","","Anon.           ","","","","","","","","","0","1","","17.8","","2010-03-12 00:00:00.000","","[Discoverer=Drake et al. (CRTS); DiscoveryRef=CBET 2208; PositionRef=CBET 2208; Orig Type=IIb  ]",""
"5218","SN 2009nf","01:58:56.971","-07:16:58.30","SN IIb","","Anon.           ","","","","","","","","","0","1","","19.8","","2009-11-11 00:00:00.000","","[Discoverer=Drake et al. (CRTS); DiscoveryRef=CBET 2101; PositionRef=CBET 2101; Orig Type=IIb  ]",""
"5206","SN 2009mu","09:51:57.749","-33:04:42.38","SN IIb","","ESO 374-3       ","","","","","","","","","0","1","","18.2","","2009-12-21 00:00:00.000","","[Discoverer=Pignata et al. (CHASE); DiscoveryRef=CBET 2091; PositionRef=CBET 2091; Orig Type=IIb  ]",""
"5196","SN 2009mk","00:06:21.370","-41:28:59.81","SN IIb","","ESO 293-34      ","","","","","","","","","0","1","","15.3","","2009-12-15 00:00:00.000","","[Discoverer=Parker; DiscoveryRef=CBET 2080; PositionRef=CBET 2080; Orig Type=IIb  ]",""
"5192","SN 2009mg","06:21:44.861","-59:44:26.02","SN IIb","","ESO 121-G26     ","","","","","","","","","0","1","","17.3","","2009-12-07 00:00:00.000","","[Discoverer=Monard; DiscoveryRef=CBET 2071; PositionRef=CBET 2071; Orig Type=IIb  ]",""
"5132","SN 2009ka","21:17:35.779","+26:01:12.00","SN IIb","","Anon.           ","","","","","","","","","0","1","","17.5","","2009-10-18 00:00:00.000","","[Discoverer=Boles; DiscoveryRef=CBET 1985; PositionRef=CBET 1985; Orig Type=IIb  ]",""
"5126","SN 2009jv","09:40:57.830","+47:37:04.01","SN IIb","","UGC 5157        ","","","","","","","","","0","1","","17.2","","2009-10-16 00:00:00.000","","[Discoverer=Gorelli, Newton, Puckett; DiscoveryRef=CBET 1977; PositionRef=CBET 1977; Orig Type=IIb? ]",""
"5035","SN 2009gl","13:34:43.709","+09:20:10.72","SN IIb","","IC 900          ","","","","","","","","","0","1","","18.1","","2009-06-23 00:00:00.000","","[Discoverer=Monard; DiscoveryRef=CBET 1860; PositionRef=CBET 1860; Orig Type=IIb  ]",""
"5034","SN 2009gk","21:44:27.281","+14:53:57.30","SN IIb","","Anon.           ","","","","","","","","","0","1","","18.3","","2009-06-23 00:00:00.000","","[Discoverer=LOSS; DiscoveryRef=CBET 1859; PositionRef=CBET 1859; Orig Type=IIb  ]",""
"5033","SN 2009gj","00:30:28.560","-33:12:56.02","SN IIb","","NGC 134         ","","","","","","","","","0","1","","15.9","","2009-06-20 00:00:00.000","","[Discoverer=Parker; DiscoveryRef=CBET 1856; PositionRef=CBET 1856; Orig Type=IIb  ]",""
"5022","SN 2009fz","16:54:48.370","-72:34:55.99","SN IIb","","NGC 6209        ","","","","","","","","","0","1","","16.5","","2009-06-08 00:00:00.000","","[Discoverer=Pignata et al. (CHASE); DiscoveryRef=CBET 1838; PositionRef=CBET 1838; Orig Type=IIb  ]",""
"5005","SN 2009fi","14:06:05.801","+11:47:13.88","SN IIb","","Anon.           ","","","","","","","","","0","1","","17.7","","2009-05-30 00:00:00.000","","[Discoverer=Boles; DiscoveryRef=CBET 1821; PositionRef=CBET 1821; Orig Type=IIb  ]",""
"4959","SN 2009dq","10:08:49.939","-67:01:57.29","SN IIb","","IC 2554         ","","","","","","","","","0","1","","15.2","","2009-04-24 00:00:00.000","","[Discoverer=Pignata et al. (CHASE); DiscoveryRef=CBET 1781; PositionRef=CBET 1781; Orig Type=IIb  ]",""
"4879","SN 2009ar","09:55:25.709","-01:28:21.29","SN IIb","","Anon.           ","","","","","","","","","0","1","","18.5","","2009-02-19 00:00:00.000","","[Discoverer=Mahabal, Drake et al. (CRTS); DiscoveryRef=CBET 1713; PositionRef=CBET 1713; Orig Type=IIb  ]",""
"4869","SN 2009ah","11:59:12.060","-53:24:06.52","SN IIb","","ESO 171-4       ","","","","","","","","","0","1","","16","","2009-02-19 00:00:00.000","","[Discoverer=Pignata, Maza et al. (CHASE); DiscoveryRef=CBET 1699; PositionRef=CBET 1699; Orig Type=IIb  ]",""
"5250","SN 2009Z","14:01:53.611","-01:20:30.19","SN IIb","","Anon.           ","","","","","","","","","0","1","","18.1","","2009-02-02 00:00:00.000","","[Discoverer=LOSS; DiscoveryRef=CBET 1685; PositionRef=CBET 1685; Orig Type=IIb  ]",""
"5131","SN 2009K","04:36:36.770","-00:08:35.59","SN IIb","","NGC 1620        ","","","","","","","","","0","1","","14.9","","2009-01-14 00:00:00.000","","[Discoverer=Pignata et al. (CHASE); DiscoveryRef=CBET 1663; PositionRef=CBET 1663; Orig Type=IIb  ]",""
"4915","SN 2009C","23:13:42.840","+49:40:47.21","SN IIb","","UGC 12433       ","","","","","","","","","0","1","","17.8","","2009-01-02 00:00:00.000","","[Discoverer=LOSS; DiscoveryRef=CBET 1647; PositionRef=CBET 1647; Orig Type=IIb  ]",""
"4820","SN 2008ie","02:43:20.801","+04:58:19.09","SN IIb","","NGC 1070        ","","","","","","","","","0","1","","16.4","","2008-12-15 00:00:00.000","","[Discoverer=Pignata et al. (CHASE); Hirose; DiscoveryRef=CBET 1618; PositionRef=CBET 1618; Orig Type=IIb  ]",""
"4743","SN 2008fi","01:53:23.170","+29:21:28.40","SN IIb","","Anon.           ","","","","","","","","","0","1","","16.7","","2008-08-26 00:00:00.000","","[Discoverer=Zakrajsek (PIKA); DiscoveryRef=CBET 1493; PositionRef=CBET 1493; Orig Type=IIb  ]",""
"4677","SN 2008cx","00:56:45.900","-09:54:19.01","SN IIb","","NGC 309         ","","","","","","","","","0","1","","17.7","","2008-06-05 00:00:00.000","","[Discoverer=Monard; DiscoveryRef=CBET 1399; PositionRef=CBET 1399; Orig Type=IIb  ]",""
"4676","SN 2008cw","16:32:38.270","+41:27:33.19","SN IIb","","Anon.           ","","","","","","","","","0","1","","18.5","","2008-06-01 00:00:00.000","","[Discoverer=Yuan et al. (ROTSE); DiscoveryRef=CBET 1395; PositionRef=CBET 1395; Orig Type=IIb  ]",""
"4616","SN 2008aq","12:50:30.420","-10:52:01.42","SN IIb","","MCG -02-33-20   ","","","","","","","","","0","1","","16.3","","2008-02-27 00:00:00.000","","[Discoverer=Chu, Li, Filippenko (LOSS); DiscoveryRef=CBET 1271; PositionRef=CBET 1271; Orig Type=IIb? ]",""
"4856","SN 2008V","04:29:31.301","-26:42:39.82","SN IIb","","NGC 1591        ","","","","","","","","","0","1","","16.8","","2008-02-06 00:00:00.000","","[Discoverer=Winslow, Li, Filippenko (LOSS); DiscoveryRef=CBET 1238; PositionRef=CBET 1238; Orig Type=IIb  ]",""
"4508","SN 2007rw","12:38:03.641","-02:15:40.10","SN IIb","","UGC 7798        ","","","","","","","","","0","1","","14.3","","2007-11-29 00:00:00.000","","[Discoverer=Madison, Li (LOSS); DiscoveryRef=CBET 1154; PositionRef=CBET 1154; Orig Type=IIb  ]",""
"3980","SN 2006ss","14:20:27.461","+35:11:42.68","SN IIb","","NGC 5579        ","","","","","","","","","0","1","","17.6","","2006-12-17 00:00:00.000","","[Discoverer=Boles; DiscoveryRef=CBET 774; PositionRef=IAUC 8789; Orig Type=IIb  ]",""
"3923","SN 2006qp","14:42:30.650","+28:43:25.90","SN IIb","","NGC 5735        ","","","","","","","","","0","1","","17.1","","2006-11-25 00:00:00.000","","[Discoverer=Itagaki; DiscoveryRef=CBET 764; PositionRef=CBET  764; Orig Type=IIb  ]",""
"3722","SN 2006jd","08:02:07.430","+00:48:31.50","SN IIb","","UGC 4179        ","","","","","","","","","0","1","","17.2","","2006-10-12 00:00:00.000","","[Discoverer=LOSS; DiscoveryRef=CBET 673; PositionRef=IAUC 8762; Orig Type=IIb  ]",""
"3713","SN 2006iv","11:48:12.350","+54:59:14.60","SN IIb","","UGC 6774        ","","","","","","","","","0","1","","15.9","","2006-10-05 00:00:00.000","","[Discoverer=Duszanowicz; DiscoveryRef=CBET 662; PositionRef=IAUC 8759; Orig Type=IIb  ]",""
"3595","SN 2006el","22:47:38.501","+39:52:27.59","SN IIb","","UGC 12188       ","","","","","","","","","0","1","","18.2","","2006-08-25 00:00:00.000","","[Discoverer=LOSS; DiscoveryRef=CBET 605; PositionRef=IAUC 8741; Orig Type=IIb  ]",""
"3566","SN 2006dj","22:59:22.891","+53:44:09.82","SN IIb","","UGC 12287       ","","","","","","","","","0","1","","18.9","","2006-06-05 00:00:00.000","","[Discoverer=LOSS; DiscoveryRef=CBET 560; PositionRef=IAUC 8727; Orig Type=IIb  ]",""
"3503","SN 2006ba","09:43:13.399","-09:36:52.99","SN IIb","","NGC 2980        ","","","","","","","","","0","1","","18.4","","2006-03-19 00:00:00.000","","[Discoverer=Monard; DiscoveryRef=CBET 443; PositionRef=CBET  443; Orig Type=IIb  ]",""
"3988","SN 2006T","09:54:30.211","-25:42:29.30","SN IIb","","NGC 3054        ","","","","","","","","","0","1","","17.2","","2006-01-30 00:00:00.000","","[Discoverer=Monard; DiscoveryRef=CBET 385; PositionRef=IAUC 8666; Orig Type=IIb  ]",""
"3229","SN 2005em","03:13:47.710","-00:14:37.00","SN IIb","","IC 307          ","","","","","","","","","0","1","","18.1","","2005-09-27 00:00:00.000","","[Discoverer=Lick Observatory Supernova Survey; DiscoveryRef=IAUC 8604; PositionRef=IAUC 8604; Orig Type=IIb? ]",""
"3113","SN 2005ae","07:58:15.840","-49:51:19.91","SN IIb","","ESO 209-9       ","","","","","","","","","0","1","","17.5","","2005-02-01 00:00:00.000","","[Discoverer=Martin, Perth Supernova Survey; DiscoveryRef=IAUC 8480; PositionRef=IAUC 8480; Orig Type=IIb? ]",""
"3189","SN 2005D","07:26:57.360","+20:22:53.40","SN IIb","","UGC 3856        ","","","","","","","","","0","1","","18.4","","2005-01-13 00:00:00.000","","[Discoverer=Lick Observatory Supernova Survey; DiscoveryRef=IAUC 8464; PositionRef=IAUC 8464; Orig Type=IIb  ]",""
"3029","SN 2004gj","11:30:59.630","+20:28:06.82","SN IIb","","IC 701          ","","","","","","","","","0","1","","18.3","","2004-11-23 00:00:00.000","","[Discoverer=Lick Observatory Supernova Survey; DiscoveryRef=IAUC 8445; PositionRef=IAUC 8445; Orig Type=IIb  ]",""
"2989","SN 2004ex","00:38:10.190","+02:43:17.18","SN IIb","","NGC 182         ","","","","","","","","","0","1","","17.7","","2004-10-11 00:00:00.000","","[Discoverer=Trondal, Schwartz; Lick Observatory Supernova Survey; DiscoveryRef=IAUC 8418; PositionRef=IAUC 8418; Orig Type=IIb  ]",""
"2797","SN 2003ki","07:51:33.240","+63:55:51.60","SN IIb","","MCG +11-10-34   ","","","","","","","","","0","1","","18","","2003-11-28 00:00:00.000","","[Discoverer=Boles; DiscoveryRef=IAUC 8245; PositionRef=IAUC 8245; Orig Type=IIb  ]",""
"2701","SN 2003gu","23:02:59.450","+34:43:19.60","SN IIb","","UGC 12331       ","","","","","","","","","0","1","","17.2","","2003-08-03 00:00:00.000","","[Discoverer=Armstrong; DiscoveryRef=IAUC 8173; PositionRef=IAUC 8173; Orig Type=IIb? ]",""
"2299","SN 2002eg","19:49:47.249","+50:41:53.59","SN IIb","","UGC 11486       ","","","","","","","","","0","1","","17.5","","2002-07-26 00:00:00.000","","[Discoverer=Sanders; DiscoveryRef=IAUC 7944; PositionRef=IAUC 7944; Orig Type=IIb  ]",""
"2199","SN 2002ao","14:29:35.741","-00:00:55.80","SN IIb","","UGC 9299        ","","","","","","","","","0","1","","14.3","","2002-01-25 00:00:00.000","","[Discoverer=LOTOSS; DiscoveryRef=IAUC 7809; PositionRef=IAUC 7809; Orig Type=IIb? ]",""
"2106","SN 2001im","02:04:16.800","+00:39:11.02","SN IIb","","Anon.           ","","","","","","","","","0","1","","21","","2001-11-21 00:00:00.000","","[Discoverer=Sloan Digital Sky Survey; DiscoveryRef=IAUC 7778; PositionRef=IAUC 7778; Orig Type=IIb? ]",""
"2043","SN 2001gd","13:13:23.890","+36:38:17.70","SN IIb","","NGC 5033        ","","","","","","","","","0","1","","16.5","","2001-11-24 00:00:00.000","","[Discoverer=Itagaki; Dimai; DiscoveryRef=IAUC 7761; PositionRef=IAUC 7761; Orig Type=IIb  ]",""
"1937","SN 2001cf","12:02:31.639","+41:02:58.88","SN IIb","","UGC 7020        ","","","","","","","","","0","1","","18.5","","2001-05-26 00:00:00.000","","[Discoverer=Sala; DiscoveryRef=IAUC 7636; PositionRef=IAUC 7636; Orig Type=IIb  ]",""
"1881","SN 2001ad","17:24:02.450","+58:59:52.19","SN IIb","","NGC 6373        ","","","","","","","","","0","1","","17.4","","2001-03-11 00:00:00.000","","[Discoverer=Beijing Astronomical Observatory Supernova Survey; DiscoveryRef=IAUC 7596; PositionRef=IAUC 7596; Orig Type=IIb  ]",""
"1858","SN 2000H","06:51:07.670","+12:55:18.52","SN IIb","","IC 454          ","","","","","","","","","0","1","","17.3","","2000-02-07 00:00:00.000","","[Discoverer=Armstrong; Lick Observatory Supernova Search; DiscoveryRef=IAUC 7361; PositionRef=IAUC 7361; Orig Type=IIb  ]",""
"1461","SN 1998fa","06:42:51.509","+41:25:18.91","SN IIb","","UGC 3513        ","","","","","","","","","0","1","","18.2","","1998-12-25 00:00:00.000","","[Discoverer=Lick Observatory Supernova Search; DiscoveryRef=IAUC 7073; PositionRef=IAUC 7073; Orig Type=IIb  ]",""
"1247","SN 1997dd","16:05:46.320","+21:29:14.32","SN IIb","","NGC 6060        ","","","","","","","","","0","1","","16.4","","1997-08-20 00:00:00.000","","[Discoverer=Aoki; DiscoveryRef=IAUC 6724; PositionRef=IAUC 6724; Orig Type=IIb  ]",""
"1122","SN 1996cb","11:03:41.981","+28:54:13.72","SN IIb","","NGC 3510        ","","","","","","","","","0","1","","16.5","","1996-12-15 00:00:00.000","","[Discoverer=Aoki; DiscoveryRef=IAUC 6524; PositionRef=IAUC 6524; Orig Type=IIb  ]",""
"950","SN 1993J","09:55:25.001","+69:01:13.01","SN IIb","","NGC 3031        ","","","","","","","","","0","1","","10.2","","1993-03-28 00:00:00.000","","[Discoverer=Garcia; DiscoveryRef=IAUC 5731; PositionRef=IAUC 5731; Orig Type=IIb  ]",""